{"bank_list":[{"bic_member":"ABALIDBS","bank_code_member":1290013,"bank_name":"PT. BANK PEMBANGUNAN DAERAH BALI","short_bank_name":"PT. BPD BALI"},{"bic_member":"AGSSIDJA","bank_code_member":9450305,"bank_name":"PT. BANK AGRIS","short_bank_name":"BANK AGRIS"},{"bic_member":"AGTBIDJA","bank_code_member":4940014,"bank_name":"PT. BANK RAKYAT INDONESIA AGRONIAGA TBK.","short_bank_name":"AGRONIAGA"},{"bic_member":"ANZBIDJX","bank_code_member":"0610306","bank_name":"PT. BANK ANZ INDONESIA","short_bank_name":"ANZ INDONESIA"},{"bic_member":"ARFAIDJ1","bank_code_member":5170016,"bank_name":"PT. BANK PANIN SYARIAH","short_bank_name":"BANK PANIN SYARIAH"},{"bic_member":"ARTGIDJA","bank_code_member":"0370028","bank_name":"PT. BANK ARTHA GRAHA INTERNASIONAL TBK.","short_bank_name":"BAG INTERNASIONAL"},{"bic_member":"ATOSIDJ1","bank_code_member":5420012,"bank_name":"PT. BANK ARTOS INDONESIA","short_bank_name":"BANK ARTOS"},{"bic_member":"AWANIDJA","bank_code_member":1670015,"bank_name":"PT. BANK QNB INDONESIA TBK.","short_bank_name":"BANK QNB"},{"bic_member":"BBAIIDJA","bank_code_member":"0760010","bank_name":"PT. BANK BUMI ARTA","short_bank_name":"BBA"},{"bic_member":"BBBAIDJA","bank_code_member":"0130475","bank_name":"PT. BANK PERMATA TBK.","short_bank_name":"BANK PERMATA"},{"bic_member":"BBIJIDJA","bank_code_member":"0230016","bank_name":"PT. BANK UOB INDONESIA","short_bank_name":"UOB INDONESIA"},{"bic_member":"BBUKIDJA","bank_code_member":4410010,"bank_name":"PT. BANK BUKOPIN Tbk.","short_bank_name":"BUKOPIN"},{"bic_member":"BCIAIDJA","bank_code_member":"0540308","bank_name":"PT. BANK CAPITAL INDONESIA","short_bank_name":"BANK CAPITAL"},{"bic_member":"BDINIDJA","bank_code_member":"0110042","bank_name":"PT. BANK DANAMON INDONESIA Tbk.","short_bank_name":"BANK DANAMON"},{"bic_member":"BDIPIDJ1","bank_code_member":5230011,"bank_name":"PT. BANK SAHABAT SAMPOERNA","short_bank_name":"BANK SAMPOERNA"},{"bic_member":"BDKIIDJ1","bank_code_member":1110012,"bank_name":"PT. BANK DKI","short_bank_name":"BANK DKI"},{"bic_member":"BICNIDJA","bank_code_member":9500307,"bank_name":"PT. BANK COMMONWEALTH","short_bank_name":"BANK COMMONWEALTH"},{"bic_member":"BIDXIDJA","bank_code_member":5550018,"bank_name":"BANK INDEX SELINDO","short_bank_name":"BANK INDEX"},{"bic_member":"BKCHIDJA","bank_code_member":"0690300","bank_name":"BANK OF CHINA","short_bank_name":"BOC"},{"bic_member":"BMRIIDJA","bank_code_member":"0080017","bank_name":"PT. BANK MANDIRI (PERSERO) TBK","short_bank_name":"BANK MANDIRI"},{"bic_member":"BNIAIDJA","bank_code_member":"0220026","bank_name":"PT. BANK CIMB NIAGA TBK","short_bank_name":"BANK CIMB"},{"bic_member":"BNINIDJA","bank_code_member":"0090010","bank_name":"PT. BANK NEGARA INDONESIA (PERSERO)","short_bank_name":"BANK BNI"},{"bic_member":"BOTKIDJX","bank_code_member":"0420305","bank_name":"THE BANK OF TOKYO MITSUBISHI UFJ LTD.","short_bank_name":"BTMU"},{"bic_member":"BRINIDJA","bank_code_member":"0020307","bank_name":"PT. BANK RAKYAT INDONESIA (PERSERO)","short_bank_name":"BRI"},{"bic_member":"BSDRIDJA","bank_code_member":2120001,"bank_name":"PT. BANK WOORI SAUDARA INDONESIA 1906,TBK","short_bank_name":"BANK WOORI SAUDARA"},{"bic_member":"BSMDIDJA","bank_code_member":4510017,"bank_name":"PT. BANK SYARIAH MANDIRI Tbk.","short_bank_name":"BSM"},{"bic_member":"BSSPIDSP","bank_code_member":1200016,"bank_name":"PT. BPD SUMSEL DAN BABEL","short_bank_name":"BPD SUMSEL BABEL"},{"bic_member":"BTANIDJA","bank_code_member":2000150,"bank_name":"PT. BANK TABUNGAN NEGARA (PERSERO)","short_bank_name":"BTN"},{"bic_member":"BUMIIDJA","bank_code_member":4850010,"bank_name":"PT. BANK MNC INTERNASIONAL, TBK","short_bank_name":"MNC BANK"},{"bic_member":"BUTGIDJ1","bank_code_member":5060016,"bank_name":"PT. BANK MEGA SYARIAH","short_bank_name":"BANK MEGA SYARIAH"},{"bic_member":"CENAIDJA","bank_code_member":"0140397","bank_name":"PT. BANK CENTRAL ASIA Tbk.","short_bank_name":"BCA"},{"bic_member":"CICTIDJA","bank_code_member":"0950011","bank_name":"PT. BANK JTRUST INDONESIA, TBK","short_bank_name":"BANK JTRUST"},{"bic_member":"CITIIDJX","bank_code_member":"0310305","bank_name":"CITIBANK, NA","short_bank_name":"CITIBANK"},{"bic_member":"CTCBIDJA","bank_code_member":9490307,"bank_name":"PT. BANK CTBC INDONESIA","short_bank_name":"CTBC INDONESIA"},{"bic_member":"DBSBIDJA","bank_code_member":"0460307","bank_name":"PT. BANK DBS INDONESIA","short_bank_name":"DBS"},{"bic_member":"DJARIDJ1","bank_code_member":4220051,"bank_name":"PT. BANK SYARIAH BRI","short_bank_name":"SYARIAH BRI"},{"bic_member":"EKONIDJA","bank_code_member":"0870010","bank_name":"PT. BANK EKONOMI RAHARJA","short_bank_name":"BANK EKONOMI"},{"bic_member":"EKSTIDJ1","bank_code_member":5580017,"bank_name":"PT. BANK PUNDI INDONESIA","short_bank_name":"BANK PUNDI"},{"bic_member":"GNESIDJA","bank_code_member":1610017,"bank_name":"PT. BANK GANESHA","short_bank_name":"BANK GANESHA"},{"bic_member":"HNBNIDJA","bank_code_member":4840017,"bank_name":"PT. BANK KEB HANA INDONESIA","short_bank_name":"BANK KEB HANA"},{"bic_member":"HRDAIDJ1","bank_code_member":5670011,"bank_name":"PT. BANK HARDA INTERNATIONAL","short_bank_name":"BANK HARDA"},{"bic_member":"HSBCIDJA","bank_code_member":"0410302","bank_name":"PT. BANK HSBC INDONESIA","short_bank_name":"HSBC"},{"bic_member":"IBBKIDJA","bank_code_member":"0160131","bank_name":"PT. BANK MAYBANK INDONESIA Tbk.","short_bank_name":"BANK MAYBANK"},{"bic_member":"ICBKIDJA","bank_code_member":1640016,"bank_name":"PT. BANK ICBC INDONESIA","short_bank_name":"BANK ICBC"},{"bic_member":"IDMOIDJ1","bank_code_member":4980016,"bank_name":"PT. BANK SBI INDONESIA","short_bank_name":"BANK SBI"},{"bic_member":"INPBIDJ1","bank_code_member":5130014,"bank_name":"PT. BANK INA PERDANA","short_bank_name":"BANK INA"},{"bic_member":"JSABIDJ1","bank_code_member":4720014,"bank_name":"PT. BANK JASA JAKARTA","short_bank_name":"BANK JASA JAKARTA"},{"bic_member":"KSEBIDJ1","bank_code_member":5350014,"bank_name":"PT. BANK KESEJAHTERAAN EKONOMI","short_bank_name":"BANK KESEJAHTERAAN"},{"bic_member":"LFIBIDJ1","bank_code_member":5030017,"bank_name":"PT. BANK NATIONALNOBU","short_bank_name":"BANK NATIONALNOBU"},{"bic_member":"LMANIDJ1","bank_code_member":5260010,"bank_name":"PT. BANK DINAR INDONESIA","short_bank_name":"BANK DINAR"},{"bic_member":"MASBIDJ1","bank_code_member":5480010,"bank_name":"PT. BANK MULTI ARTA SENTOSA","short_bank_name":"BANK MAS"},{"bic_member":"MASDIDJ1","bank_code_member":1570018,"bank_name":"PT. BANK MASPION","short_bank_name":"BANK MASPION"},{"bic_member":"MAYAIDJA","bank_code_member":"0970017","bank_name":"PT. BANK MAYAPADA Tbk.","short_bank_name":"BANK MAYAPADA"},{"bic_member":"MAYOIDJA","bank_code_member":5530012,"bank_name":"PT. BANK MAYORA","short_bank_name":"BANK MAYORA"},{"bic_member":"MBBEIDJA","bank_code_member":9470302,"bank_name":"PT. BANK MAYBANK SYARIAH INDONESIA","short_bank_name":"MAYBANK SYARIAH"},{"bic_member":"MCORIDJA","bank_code_member":"0360300","bank_name":"PT. BANK WINDU KENTJANA INTERNASIONAL, TBK","short_bank_name":"BANK WINDU KENTJANA"},{"bic_member":"MEDHIDS1","bank_code_member":1510010,"bank_name":"PT. BANK MESTIKA DHARMA","short_bank_name":"BANK MESTIKA"},{"bic_member":"MEEKIDJ1","bank_code_member":1520013,"bank_name":"PT. BANK SHINHAN INDONESIA","short_bank_name":"BANK SHINHAN IND"},{"bic_member":"MEGAIDJA","bank_code_member":4260121,"bank_name":"PT. BANK MEGA Tbk.","short_bank_name":"BANK MEGA"},{"bic_member":"MUABIDJA","bank_code_member":1470011,"bank_name":"PT. BANK MUAMALAT INDONESIA","short_bank_name":"BANK MUAMALAT"},{"bic_member":"NISPIDJA","bank_code_member":9480304,"bank_name":"PT. BANK OCBC NISP, Tbk.","short_bank_name":"BANK OCBC NISP"},{"bic_member":"NUPAIDJ6","bank_code_member":1450015,"bank_name":"PT. BANK NUSANTARA PARAHYANGAN","short_bank_name":"BN PARAHYANGAN"},{"bic_member":"PDACIDJ1","bank_code_member":1160017,"bank_name":"PT. BANK ACEH","short_bank_name":"BANK ACEH"},{"bic_member":"PDBKIDJ1","bank_code_member":1330012,"bank_name":"PT. BPD BENGKULU","short_bank_name":"BANK BENGKULU"},{"bic_member":"PDIJIDJ1","bank_code_member":1320019,"bank_name":"PT.BANK PEMBANGUNAN DAERAH PAPUA","short_bank_name":"BPD PAPUA"},{"bic_member":"PDJBIDJA","bank_code_member":1100019,"bank_name":"PT. BANK PEMBANGUNAN DAERAH JABAR DAN BANTEN","short_bank_name":"BANK JABAR"},{"bic_member":"PDJGIDJ1","bank_code_member":1130348,"bank_name":"PT. BANK PEMBANGUNAN DAERAH JAWA TENGAH","short_bank_name":"BANK JATENG"},{"bic_member":"PDJMIDJ1","bank_code_member":1150014,"bank_name":"PT.BANK PEMBANGUNAN DAERAH JAMBI","short_bank_name":"BPD JAMBI"},{"bic_member":"PDJTIDJ1","bank_code_member":1140011,"bank_name":"PT. BANK PEMBANGUNAN DAERAH JATIM","short_bank_name":"BANK JATIM"},{"bic_member":"PDKBIDJ1","bank_code_member":1230015,"bank_name":"PT.BANK PEMBANGUNAN DAERAH KALBAR","short_bank_name":"BPD KALBAR"},{"bic_member":"PDKGIDJ1","bank_code_member":1250011,"bank_name":"PT. BPD KALIMANTAN TENGAH","short_bank_name":"BPD KALTENG"},{"bic_member":"PDKSIDJ1","bank_code_member":1220012,"bank_name":"PT. BANK PEMBANGUNAN DAERAH KALSEL","short_bank_name":"BPD KALSEL"},{"bic_member":"PDKTIDJ1","bank_code_member":1240018,"bank_name":"PT.BANK PEMBANGUNAN DAERAH KALTIM","short_bank_name":"BPD KALTIM"},{"bic_member":"PDLPIDJ1","bank_code_member":1210051,"bank_name":"PT.BANK PEMBANGUNAN DAERAH LAMPUNG","short_bank_name":"BANK LAMPUNG"},{"bic_member":"PDMLIDJ1","bank_code_member":1310016,"bank_name":"PT.BANK PEMBANGUNAN DAERAH MALUKU","short_bank_name":"BANK MALUKU"},{"bic_member":"PDNBIDJ1","bank_code_member":1280010,"bank_name":"PT. BANK PEMBANGUNAN DAERAH NTB","short_bank_name":"BANK NTB"},{"bic_member":"PDNTIDJ1","bank_code_member":1300013,"bank_name":"PT.BANK PEMBANGUNAN DAERAH NTT","short_bank_name":"BPD NTT"},{"bic_member":"PDRIIDJA","bank_code_member":1190016,"bank_name":"PT. BANK PEMBANGUNAN DAERAH RIAU KEPRI","short_bank_name":"BANK RIAU"},{"bic_member":"PDSBIDJ1","bank_code_member":1180013,"bank_name":"PT. BANK NAGARI","short_bank_name":"BANK NAGARI"},{"bic_member":"PDSUIDJ1","bank_code_member":1170010,"bank_name":"PT. BANK PEMBANGUNAN DAERAH SUMUT","short_bank_name":"BANK SUMUT"},{"bic_member":"PDWGIDJ1","bank_code_member":1340015,"bank_name":"PT. BPD SULAWESI TENGAH","short_bank_name":"BPD SULTENG"},{"bic_member":"PDWRIDJ1","bank_code_member":1350018,"bank_name":"PT. BPD SULAWESI TENGGARA","short_bank_name":"BPD SULTRA"},{"bic_member":"PDWSIDJ1","bank_code_member":1260027,"bank_name":"PT. BANK SULSELBAR","short_bank_name":"BANK SULSELBAR"},{"bic_member":"PDWUIDJ1","bank_code_member":1270017,"bank_name":"PT. BANK PEMBANGUNAN DAERAH SULUT","short_bank_name":"BPD SULUT"},{"bic_member":"PDYKIDJ1","bank_code_member":1120015,"bank_name":"PT. BANK PEMBANGUNAN DAERAH DIY","short_bank_name":"BANK BPD DIY"},{"bic_member":"PINBIDJA","bank_code_member":"0190017","bank_name":"PT. PANIN BANK Tbk.","short_bank_name":"PANIN BANK"},{"bic_member":"PMASIDJ1","bank_code_member":5200012,"bank_name":"PT. PRIMA MASTER BANK","short_bank_name":"PRIMA MASTER"},{"bic_member":"PUBAIDJ1","bank_code_member":5470046,"bank_name":"PT. BANK TABUNGAN PENSIUNAN NASIONAL SYARIAH","short_bank_name":"BANK BTPN SYARIAH"},{"bic_member":"RABOIDJA","bank_code_member":"0890016","bank_name":"PT. BANK RABOBANK INTERNATIONAL INDONESIA","short_bank_name":"RABOBANK"},{"bic_member":"ROYBIDJ1","bank_code_member":5010011,"bank_name":"PT. BANK ROYAL INDONESIA","short_bank_name":"BANK ROYAL"},{"bic_member":"SBJKIDJA","bank_code_member":1530016,"bank_name":"PT. BANK SINARMAS","short_bank_name":"BANK SINARMAS"},{"bic_member":"SCBLIDJX","bank_code_member":"0500306","bank_name":"STANDARD CHARTERED BANK","short_bank_name":"STANDCHARD"},{"bic_member":"SDOBIDJ1","bank_code_member":5210031,"bank_name":"PT. BANK SYARIAH BUKOPIN","short_bank_name":"BANK SYARIAH BUKOPIN"},{"bic_member":"SUNIIDJA","bank_code_member":"0450304","bank_name":"PT. BANK SUMITOMO MITSUI INDONESIA","short_bank_name":"SUMITOMO"},{"bic_member":"SWAGIDJ1","bank_code_member":4050072,"bank_name":"PT. BANK VICTORIA SYARIAH","short_bank_name":"BANK VICTORIASYARIAH"},{"bic_member":"SWBAIDJ1","bank_code_member":1460047,"bank_name":"PT. BANK OF INDIA INDONESIA, TBK","short_bank_name":"BANK OF INDIA IND"},{"bic_member":"SYACIDJ1","bank_code_member":1169924,"bank_name":"PT. BANK ACEH UNIT USAHA SYARIAH","short_bank_name":"BANK ACEH UUS"},{"bic_member":"SYBBIDJ1","bank_code_member":"0139926","bank_name":"PT. BANK PERMATA,TBK UNIT USAHA SYARIAH","short_bank_name":"BANK PERMATA UUS"},{"bic_member":"SYBDIDJ1","bank_code_member":"0119920","bank_name":"PT. BANK DANAMON INDONESIA UNIT USAHA SYARIAH","short_bank_name":"BANK DANAMON UUS"},{"bic_member":"SYBKIDJ1","bank_code_member":"0169925","bank_name":"PT. BANK MAYBANK INDONESIA Tbk. UNIT USAHA SYARIAH","short_bank_name":"BANK MAYBANK UUS"},{"bic_member":"SYBTIDJ1","bank_code_member":2009928,"bank_name":"PT. BANK TABUNGAN NEGARA (PERSERO) UNIT USAHA SYARIAH","short_bank_name":"BTN UUS"},{"bic_member":"SYCAIDJ1","bank_code_member":5360017,"bank_name":"PT. BANK BCA SYARIAH","short_bank_name":"BANK BCA SYARIAH"},{"bic_member":"SYDKIDJ1","bank_code_member":1119929,"bank_name":"PT. BANK DKI UNIT USAHA SYARIAH","short_bank_name":"BANK DKI UUS"},{"bic_member":"SYJBIDJ1","bank_code_member":4250018,"bank_name":"PT. BANK JABAR BANTEN SYARIAH","short_bank_name":"BANK JABAR SYARIAH"},{"bic_member":"SYJGIDJ1","bank_code_member":1139925,"bank_name":"PT. BPD JAWA TENGAH UNIT USAHA SYARIAH","short_bank_name":"BANK JATENG UUS"},{"bic_member":"SYJTIDJ1","bank_code_member":1149928,"bank_name":"PT.BANK PEMBANGUNAN DAERAH JATIM - UNIT USAHA SYARIAH","short_bank_name":"BANK JATIM - UUS"},{"bic_member":"SYKBIDJ1","bank_code_member":1239922,"bank_name":"PT.BANK PEMBANGUNAN DAERAH KALBAR UUS","short_bank_name":"BPD KALBAR UUS"},{"bic_member":"SYKSIDJ1","bank_code_member":1229929,"bank_name":"PT. BANK PEMBANGUNAN DAERAH KALSEL - UNIT USAHA SYARIAH","short_bank_name":"BPD KALSEL UUS"},{"bic_member":"SYKTIDJ1","bank_code_member":1249925,"bank_name":"PT.BANK PEMBANGUNAN DAERAH KALTIM - UNIT USAHA SYARIAH","short_bank_name":"BPD KALTIM UUS"},{"bic_member":"SYNAIDJ1","bank_code_member":"0229920","bank_name":"PT. BANK CIMB NIAGA TBK - UNIT USAHA SYARIAH","short_bank_name":"BANK CIMB NIAGA UUS"},{"bic_member":"SYNIIDJ1","bank_code_member":4270027,"bank_name":"PT BANK BNI SYARIAH","short_bank_name":"BNI SYARIAH"},{"bic_member":"SYONIDJ1","bank_code_member":"0289928","bank_name":"PT. BANK OCBC NISP TBK. - UNIT USAHA SYARIAH","short_bank_name":"BANK OCBC NISP - UUS"},{"bic_member":"SYSSIDJ1","bank_code_member":1209923,"bank_name":"PT. BPD SUMSEL DAN BABEL UNIT USAHA SYARIAH","short_bank_name":"BPD SUMSEL BABEL UUS"},{"bic_member":"SYSUIDJ1","bank_code_member":1179927,"bank_name":"PT. BANK PEMBANGUNAN DAERAH SUMUT UUS","short_bank_name":"BPD SUMUT UUS"},{"bic_member":"SYTBIDJ1","bank_code_member":1539923,"bank_name":"PT. BANK SINARMAS UNIT USAHA SYARIAH","short_bank_name":"BANK SINARMAS UUS"},{"bic_member":"SYWSIDJ1","bank_code_member":1269947,"bank_name":"PT. BANK SULSELBAR UNIT USAHA SYARIAH","short_bank_name":"BANK SULSELBAR UUS"},{"bic_member":"SYYKIDJ1","bank_code_member":1129922,"bank_name":"PT.BANK PEMBANGUNAN DAERAH DIY UNIT USAHA SYARIAH","short_bank_name":"BANK BPD DIY UUS"},{"bic_member":"TAPEIDJ1","bank_code_member":2130101,"bank_name":"PT. BANK BTPN","short_bank_name":"BTPN"},{"bic_member":"VICTIDJ1","bank_code_member":5660018,"bank_name":"PT. BANK VICTORIA INTERNATIONAL","short_bank_name":"BANK VICTORIA"},{"bic_member":"YUDBIDJ1","bank_code_member":4900012,"bank_name":"PT. BANK YUDHA BHAKTI","short_bank_name":"BANK YUDHA BHAKTI"},{"bic_member":"SIHBIDJ1","bank_code_member":5640012,"bank_name":"PT. BANK MANDIRI TASPEN POS","short_bank_name":"BANK MANDIRI TASPEN POS"}]}